Ilife მტვერსასრუტი H70 (აილაიფი),590.00,გაყიდვაშია
Ilife რობოტი მტვერსასრუტი A4e (აილაიფი),750.00,გაყიდვაშია
Ilife რობოტი მტვერსასრუტი A10s (აილაიფი),"1,650.00",გაყიდვაშია
Scarlett ბლენდერი SC-HB42F39 (სკარლეტი),111.00,გაყიდვაშია
Scarlett ყავის საფქვავი SL-1545 (სკარლეტი),88.00,გაყიდვაშია
Scarlett მიქსერი SC-HM40S03 (სკარლეტი),48.00,გაყიდვაშია
Scarlett ელექტრო ქურა SC-HP700S01 (სკარლეტი),57.00,გაყიდვაშია
Scarlett წვენსაწური SC-JE50C07 (სკარლეტი),61.00,გაყიდვაშია
Scarlett ჩირის აპარატი SC-FD421004 (სკარლეტი),194.00,გაყიდვაშია
Scarlett მულტი სახარში SC-MC410S20 (სკარლეტი),179.00,გაყიდვაშია
Scarlett ელექტრო ჩაიდანი SC-EK27G74 (სკარლეტი),84.00,გაყიდვაშია
Scarlett მტვერსასრუტი SC-VC80R12 (სკარლეტი),424.00,გაყიდვაშია
Scarlett მტვერსასრუტი SC-VC80H12 (სკარლეტი),189.00,გაყიდვაშია
Scarlett მტვერსასრუტი SC-VC80C11 (სკარლეტი),232.00,გაყიდვაშია
Scarlett მტვერსასრუტი SC-VC80B63 (სკარლეტი),171.00,გაყიდვაშია
Scarlett მტვერსასრუტი SC-VC80R14 (სკარლეტი),424.00,გაყიდვაშია
Scarlett უთო SC-SI30K46 (სკარლეტი),73.00,გაყიდვაშია
Scarlett უთო SC-SI30P11 (სკარლეტი),60.00,გაყიდვაშია
Scarlett უთო SC-SI30P09 (სკარლეტი),65.00,გაყიდვაშია
Scarlett უთო SC-SI30K57 (სკარლეტი),103.00,გაყიდვაშია
Scarlett უთო SC-SI30P10 (სკარლეტი),60.00,გაყიდვაშია
Scarlett უთო SC-SI30K37 (სკარლეტი),115.00,გაყიდვაშია
Xiaomi პორტატული მტვერსასრუტი Mi SSXCQ01XY (შაომი),189.00,გაყიდვაშია
Xiaomi რობოტი მტვერსასრუტი Mi Robot MJSTG1 (შაომი),699.00,გაყიდვაშია
Xiaomi რობოტი მტვერსასრუტი Mi Robot STYTJ01ZHM (შაომი),939.00,გაყიდვაშია
Beko მტვერსასრუტი VRT 82821 BV (ბეკო),699.00,გაყიდვაშია
Sencer ელექტრო ღუმელი E4YY (სენსერი),249.00,გაყიდვაშია
Franko წვენსაწური FJC-1054 (ფრანკო),205.00,გაყიდვაშია
Braun წვენსაწური SJ3000WH (ბრაუნი),289.00,გაყიდვაშია
Kenwood წვენსაწური JE730 (კენვუდი),399.00,გაყიდვაშია
Kenwood წვენსაწური JE680 (კენვუდი),299.00,გაყიდვაშია
Sollex წვენსაწური France-SL 525 (სოლექსი),399.00,გაყიდვაშია
ელექტრო ჩაიდანი - Franko FKT-1100,89.00,გაყიდვაშია
ელექტრო ჩაიდანი - Franko FKT-1103,109.00,გაყიდვაშია
Franko ხორცსაკეპი FMG-1050 (ფრანკო),199.00,გაყიდვაშია
Franko ხორცსაკეპი FMG-1024 (ფრანკო),349.00,გაყიდვაშია
ელექტრო ჩაიდანი - Braun WK600 Metal,279.00,გაყიდვაშია
Braun ხორცსაკეპი G1300 WH (ბრაუნი),259.00,გაყიდვაშია
Panasonic ხორცსაკეპი MK-G1800PWTQ (პანასონიკი),684.00,გაყიდვაშია
ელექტრო ჩაიდანი - Kenwood ZJX740WH,299.00,გაყიდვაშია
Scarlett ხორცსაკეპი SC-MG45S52 (სკარლეტი),183.00,გაყიდვაშია
ელექტრო ჩაიდანი - Scarlett SC-EK27G60,119.00,გაყიდვაშია
ელექტრო ჩაიდანი - Arshia EK014-2519,115.00,გაყიდვაშია
ელექტრო ჩაიდანი - Arshia EK145-2322,63.00,გაყიდვაშია
Arshia ხორცსაკეპი MG135 (არშია),389.00,გაყიდვაშია
Ardesto ელექტრო ჩაიდანი EKL-F300R (არდესტო),89.00,გაყიდვაშია
Sencor ბლენდერი SBU 7877CH (სენქორი),569.00,გაყიდვაშია
Sencor ბლენდერი SBU 8850NP (სენქორი),699.00,გაყიდვაშია
Sencor ბლენდერი SBL 3271SS (სენქორი),169.00,გაყიდვაშია
Sencor ბლენდერი SBU 7878BK (სენქორი),515.00,გაყიდვაშია
Sencor ხელის ბლენდერი SHB 4463OR (სენქორი),181.00,გაყიდვაშია
Sencor ხელის ბლენდერი SHB 5601GR (სენქორი),259.00,გაყიდვაშია
Sencor ხელის ბლენდერი SHB 5604RD (სენქორი),259.00,გაყიდვაშია
Sencor ხელის ბლენდერი SHB 4461GR-EUE3 (სენქორი),222.00,გაყიდვაშია
Sencor ხელის ბლენდერი SHB 4465VT-EUE3 (სენქორი),222.00,გაყიდვაშია
Sencor პურის საცხობი SBR 1040WH (სენქორი),282.00,გაყიდვაშია
AEG ჩასაშენებელი მიკროტალღური ღუმელი MBE2658SEM (ეი ი ჯი),"1,599.00",გაყიდვაშია
Hansa ჩასაშენებელი მიკროტალღური ღუმელი AMG20IFH (ჰანსა),668.00,გაყიდვაშია
Indesit ჩასაშენებელი მიკროტალღური ღუმელი MWI 122.2 X (ინდეზიტი),639.00,გაყიდვაშია
Sencor ჩოფერი SCB 6150SS (სენქორი),149.00,გაყიდვაშია
Sencor ჩოფერი SHB 4310 (სენქორი),98.00,გაყიდვაშია
Sencor ჩოფერი SHB 4330WH (სენქორი),119.00,გაყიდვაშია
Sencor ყავის საფქვავი SCG 1050WH (სენქორი),68.00,გაყიდვაშია
Sencor ყავის საფქვავი SCG 2051BK (სენქორი),79.00,გაყიდვაშია
Sencor ყავის აპარატი SCE 5070BK (სენქორი),169.00,გაყიდვაშია
Sencor ფრის აპარატი SFR 7200SS (სენქორი),299.00,გაყიდვაშია
Sencor გრილი SBG 5030BK (სენქორი),599.00,გაყიდვაშია
Philips ორთქლის უთო GC300/20 (ფილიპსი),171.00,გაყიდვაშია
Philips უთო GC3925/30 PerfectCare (ფილიპსი),333.00,გაყიდვაშია
Philips უთო GC4535/20 (ფილიპსი),249.00,გაყიდვაშია
Panasonic წვენსაწური MJ-DJ31STQ (პანასონიკი),667.00,გაყიდვაშია
Sencor წვენსაწური SSJ 4041BK (სენქორი),399.00,გაყიდვაშია
Panasonic ელექტრო ჩაიდანი NC-EG3000WTS (პანასონიკი),343.00,გაყიდვაშია
Panasonic ელექტრო ჩაიდანი NC-EG4000WTS (პანასონიკი),379.00,გაყიდვაშია
Philips ელექტრო ჩაიდანი HD9352/80 (ფილიპსი),199.00,გაყიდვაშია
Sencor ელექტრო ჩაიდანი SWK 1031SS (სენქორი),81.00,გაყიდვაშია
Sencor ელექტრო ჩაიდანი SWK 1080SS (სენქორი),249.00,გაყიდვაშია
Sencor ელექტრო ჩაიდანი SWK 1221GR (სენქორი),134.00,გაყიდვაშია
Sencor ელექტრო ჩაიდანი SWK 1227CH (სენქორი),139.00,გაყიდვაშია
Sencor ელექტრო ჩაიდანი SWK 1228BK (სენქორი),139.00,გაყიდვაშია
Sencor ელექტრო ჩაიდანი SWK 1711SS (სენქორი),99.00,გაყიდვაშია
Sencor ელექტრო ჩაიდანი SWK 1771GR (სენქორი),144.00,გაყიდვაშია
Sencor ელექტრო ჩაიდანი SWK 1773VT (სენქორი),144.00,გაყიდვაშია
Sencor ელექტრო ჩაიდანი SWK 1774RD (სენქორი),144.00,გაყიდვაშია
Sencor ელექტრო ჩაიდანი SWK 1775RS (სენქორი),144.00,გაყიდვაშია
Sencor ელექტრო ჩაიდანი SWK 1778BK (სენქორი),144.00,გაყიდვაშია
Sencor ელექტრო ჩაიდანი SWK 1795SS (სენქორი),149.00,გაყიდვაშია
Sencor ელექტრო ჩაიდანი SWK 2194RD (სენქორი),139.00,გაყიდვაშია
Sencor ელექტრო ჩაიდანი SWK 2195VT (სენქორი),139.00,გაყიდვაშია
Sencor ელექტრო ჩაიდანი SWK 2196YL (სენქორი),139.00,გაყიდვაშია
Sencor სამზარეულოს კომბაინი STM 7878BK (სენქორი),"1,399.00",გაყიდვაშია
Sencor სამზარეულოს კომბაინი STM 3751GR (სენქორი),599.00,გაყიდვაშია
Sencor სამზარეულოს კომბაინი STM 7870GG (სენქორი),"1,399.00",გაყიდვაშია
Panasonic მიკროტალღური ღუმელი NN-SD38HSZPE (პანასონიკი),667.00,გაყიდვაშია
Sencor მიკროტალღური ღუმელი SMW 1817BK (სენქორი),239.00,გაყიდვაშია
Panasonic მიქსერი MK-GB3WTQ (პანასონიკი),169.00,გაყიდვაშია
Sencor მიქსერი SHM 5330 (სენქორი),164.00,გაყიდვაშია
Sencor მიქსერი SHM 6206SS (სენქორი),169.00,გაყიდვაშია
Oz ელექტრო ღუმელი Omini42 Black (ოზი),222.00,გაყიდვაშია
Oz ელექტრო ღუმელი Omini42 Grey (ოზი),222.00,გაყიდვაშია
Sencor ტოსტერი SSM 9410SS (სენქორი),139.00,გაყიდვაშია
Sencor ტოსტერი STS 2607BK (სენქორი),71.00,გაყიდვაშია
Sencor ტოსტერი STS 5050SS (სენქორი),165.00,გაყიდვაშია
Sencor ტოსტერი STS 6053VT (სენქორი),199.00,გაყიდვაშია
Sencor ტოსტერი STS 6054RD (სენქორი),179.00,გაყიდვაშია
Sencor ტოსტერი STS 6058BK (სენქორი),199.00,გაყიდვაშია
Panasonic მტვერსასრუტი MC-CG713A149 (პანასონიკი),499.00,გაყიდვაშია
Panasonic მტვერსასრუტი MC-CG713K149 (პანასონიკი),499.00,გაყიდვაშია
Panasonic მტვერსასრუტი MC-CG713W149 (პანასონიკი),499.00,გაყიდვაშია
Panasonic მტვერსასრუტი MC-CG717R149 (პანასონიკი),729.00,გაყიდვაშია
Panasonic მტვერსასრუტი MC-YL633G149 (პანასონიკი),499.00,გაყიდვაშია
Philips მტვერსასრუტი FC9350/01 (ფილიპსი),449.00,გაყიდვაშია
Samsung მტვერსასრუტი VC18M31A0HU/EV (სამსუნგი),389.00,გაყიდვაშია
Samsung მტვერსასრუტი VC20M255AWB/EV (სამსუნგი),329.00,გაყიდვაშია
Samsung მტვერსასრუტი VC20M2560JP (სამსუნგი),389.00,გაყიდვაშია
